c,stop criterion,bags,noise,classifier,accuracy,precision,recall,f1 score,learnT,testT 
8.0,0.01,10,0.2,AdaBoostClassifier,0.5497835497835498,0.5929203539823009,0.536,0.5630252100840336,0.03388476371765137,0.0030167102813720703
8.0,0.01,10,0.2,BrownBoostClassifier,0.5670995670995671,0.6086956521739131,0.56,0.5833333333333334,23.65274691581726,0.9753921031951904
